sampno,vehno,vehicle_num,veh_year,veh_make,veh_model,fuel,veh_type,fcev_mile_week,fcev_mile_month,fcev_refuel_week,fcev_refuel_month,fcev_refuel_when_1_x,fcev_refuel_when_2_x,fcev_refuel_time,fcev_refuel_wait,fcev_refuel_locations,fcev_refuel_routine,fcev_refuel_routine_4_x,fcev_refuel_distance_1_x,fcev_refuel_distance_2_x,fcev_station_convenience_1,fcev_station_convenience_2,fcev_station_convenience_3,fcev_alternative,fcev_alternative_times_year,fcev_alternative_times_month,fcev_alternative_mode_1,fcev_alternative_mode_2,fcev_alternative_mode_3,fcev_alternative_mode_4,fcev_alternative_mode_5,fcev_alternative_mode_6,fcev_alternative_mode_7,fcev_alternative_mode_8,fcev_alternative_mode_9,fcev_alternative_mode_10,fcev_alternative_mode_11,fcev_alternative_mode_12,fcev_alternative_mode_12_x,fcev_convenience,fcev_pay,fcev_fuel_cost_week,fcev_fuel_cost_month,fcev_compare_cost,fcev_cost_importance,fcev_incentives_1,fcev_incentives_2,fcev_incentives_3,fcev_incentives_4,fcev_incentives_5,fcev_incentives_6,fcev_incentives_7,fcev_incentives_8,fcev_experience,fcev_recommend,fcev_confidence,fcev_confidence_4_x
190331,190331.v01,1,2017,HONDA,REDACTED,6,3,250, ,2, , ,100,3,4,3,3, ,6, ,1,1,0,1,2, ,1,0,0,0,0,1,0,0,0,0,0,1,Carpool with co-worker,3,4, , ,5,5,6,4,6,5,5,7,3,5,6,5, , 
190339,190339.v01,1,2017,HONDA,,6,3,120, ,2, ,65, ,3,3,2,1, ,21, ,1,1,0,1,1, ,1,0,0,0,0,0,0,0,0,0,0,0, ,4,4, , ,5,4,5,5,5,4,5,7,5,5,4,3, , 
190341,190341.v01,1,2017,HONDA,,6,3, ,600,1, , ,80,5,2,2,2, , ,25,0,0,1,1,3, ,0,1,0,0,0,0,0,0,0,0,1,0, ,4,4, , ,4,1,7,5,7,5,4,6,3,4,5,4, , 
190345,190345.v01,1,2018,HONDA,,6,3,480, , ,6, ,50,5,3,3,1, ,35, ,0,0,1,2, , , , , , , , , , , , , , , ,3,4, , ,5,5,6,5,6,5,5,1,2,2,7,5, , 
190119,190119.v01,1,2017,TOYOTA,,6,1,150, ,1, ,50, ,5,3,2,2, , ,10,1,0,0,1,2, ,0,1,0,1,0,0,0,0,0,0,0,0, ,3,4, , ,5,5,4,4,6,5,5,7,7,4,5,4, , 
190121,190121.v01,1,2018,TOYOTA,,6,1,150, ,1, , ,60,5,3,1, , ,1, ,1,0,0,2, , , , , , , , , , , , , , , ,3,4, , ,1,2,7,4,7,4,4,7,2,7,4,4,1, 
190125,190125.v01,1,2017,TOYOTA,,6,1, ,800,1, , ,50,10,3,3,1, ,7, ,0,0,1,1,2, ,1,1,0,0,0,0,0,0,0,0,0,0, ,5,4, , ,5,5,1,5,5,5,5,1,3,5,3,2,1, 
190133,190133.v03,3,2017,TOYOTA,,6,1,270, ,1, , ,50,4,3,4,2, ,12, ,0,0,1,2, , , , , , , , , , , , , , , ,5,2,50, ,5,3,4,4,4,4,4,1,4,4,5,5, , 
190134,190134.v02,2,2017,HONDA,,6,3,150, ,1, ,25, ,6,3,3,2, ,5, ,0,1,0,1,4, ,1,0,0,0,0,0,0,0,0,0,0,0, ,5,4, , ,5,3,7,5,7,6,5,7,3,5,3,1,1, 
190137,190137.v01,1,2018,TOYOTA,,6,1,400, ,2, , ,30,4,3,3,2, ,3, ,1,0,0,2, , , , , , , , , , , , , , , ,4,4, , ,4,3,7,4,4,7,4,7,7,5,4,3, , 
190142,190142.v01,1,2016,TOYOTA,,6,1,50, , ,2,50, ,10,4,2,1, , ,12,1,0,0,1,1, ,0,0,0,0,0,0,0,0,0,0,0,1,Supplied by the dealership I lease my vehicle from,1,4, , ,3,4,4,4,7,5,5,7,4,1,7,5, , 
190146,190146.v01,1,2017,TOYOTA,,6,1,337, ,2, , ,100,5,4,1, , ,10, ,1,0,0,1,3, ,1,1,0,0,0,0,1,0,0,0,0,0, ,5,4, , ,5,4,3,5,5,5,5,1,3,5,6,5, , 
190151,190151.v01,1,2017,TOYOTA,,6,1,300, ,2, ,40, ,4,2,2,2, ,8, ,0,0,1,1,30, ,1,0,0,0,0,0,0,0,0,0,0,0, ,5,4, , ,5,4,4,4,4,4,4,4,4,4,5,4, , 
190152,190152.v01,1,2018,TOYOTA,,6,1,500, ,2, , ,50,5,2,2,2, , ,5,1,1,0,1,5, ,1,0,0,0,0,0,0,0,0,0,0,0, ,5,4, , ,5,5,7,5,7,5,5,3,5,5,7,4, , 
190162,190162.v01,1,2018,TOYOTA,,6,1,150, ,2, ,25, ,5,3,2,2, ,2, ,1,1,0,2, , , , , , , , , , , , , , , ,5,4, , ,5,2,3,3,3,3,2,1,2,2,5,4, , 
190172,190172.v01,1,2017,HONDA,,6,3,375, ,1, , ,50,5,2,2,1, ,15, ,0,1,0,1,5, ,0,1,0,0,0,0,1,0,0,0,0,0, ,5,4, , ,5,5,7,5,7,7,5,1,2,2,4,4, , 
190174,190174.v01,1,2018,TOYOTA,,6,1, ,100,1, , ,100,10,2,2,1, ,7, ,0,0,1,2, , , , , , , , , , , , , , , ,5,4, , ,5,4,4,4,4,4,4,4,4,2,4,4, , 
190175,190175.v01,1,2017,TOYOTA,,6,1,200, , ,4, ,50,5,2,2,2, ,5, ,0,1,0,1,2, ,0,1,0,0,0,0,0,0,0,0,0,0, ,5,4, , ,5,1,6,5,5,5,5,7,3,5,7,5, , 
190184,190184.v02,2,2018,TOYOTA,,6,1,200, ,3, ,50, ,5,3,3,1, ,19, ,0,1,0,1,2, ,0,0,0,0,0,0,0,0,0,0,0,1,free rental from leasor (Toyota),3,4, , ,4,5,6,5,6,3,5,7,3,4,7,4,1, 
190187,190187.v01,1,2018,TOYOTA,,6,1,250, ,1, , ,50,4,2,2,1, ,10, ,0,1,0,2, , , , , , , , , , , , , , , ,4,4, , ,3,4,6,5,6,4,5,1,3,2,7,5, , 
190189,190189.v01,1,2017,TOYOTA,,6,1,280, ,280, ,25, ,15,2,3,1, ,10, ,0,0,1,1,20, ,1,0,0,0,0,0,0,0,0,0,0,0, ,5,4, , ,1,5,6,5,6,5,5,1,3,5,7,5, , 
190197,190197.v02,2,2017,TOYOTA,,6,1,100, ,7, ,15, ,5,3,3,1, ,3, ,1,0,0,1,2, ,0,1,0,0,0,0,0,0,0,0,0,0, ,4,4, , ,3,2,3,5,5,3,5,2,3,4,7,5,1, 
190221,190221.v02,2,2016,TOYOTA,,6,1, ,500, ,4, ,130,5,3,3,1, ,30, ,0,1,0,1, ,4,1,0,0,0,0,0,0,0,0,0,0,0, ,3,4, , ,5,3,1,4,5,4,4,1,4,5,7,5, , 
190226,190226.v01,1,2017,HONDA,,6,3,120, ,1, ,33, ,5,3,2,1, ,25, ,0,1,0,1,1, ,0,1,0,0,0,0,0,0,0,0,0,0, ,4,4, , ,5,3,5,5,5,5,5,6,3,4,7,5, , 
190228,190228.v01,1,2017,TOYOTA,,6,1,120, ,1, ,50, ,5,3,2,1, ,5, ,1,1,0,1,2, ,1,1,0,1,0,0,0,1,0,0,0,0, ,4,4, , ,1,4,7,5,7,5,5,7,7,4,5,4, , 
190230,190230.v03,3,2018,TOYOTA,,6,1,100, ,1, , ,35,5,3,2,1, ,9, ,1,1,0,1, ,5,1,0,0,0,0,0,0,0,0,0,0,0, ,5,4, , ,1,3,4,4,3,3,4,1,2,5,2,1, , 
190232,190232.v06,6,2016,TOYOTA,,6,1, ,900,1, , ,80,5,3,1, , , ,15,1,0,0,1,30, ,1,0,0,0,0,0,0,0,0,0,0,0, ,5,4, , ,5,5,5,5,5,5,5,6,6,5,4,4, , 
190244,190244.v03,3,2018,HONDA,,6,3,250, ,1, , ,100,8,3,4,2, ,2, ,1,0,0,1,3, ,1,0,0,0,0,0,0,0,0,0,0,0, ,5,4, , ,1,5,6,5,6,6,5,6,4,3,5,4, , 
190251,190251.v01,1,2017,HONDA,,6,3, ,300, ,2, ,65,5,4,2,1, ,15, ,0,0,1,1,2, ,1,0,0,0,0,0,0,0,0,0,0,0, ,5,4, , ,5,1,7,5,7,6,5,7,1,4,4,2, , 
190254,190254.v01,1,2017,TOYOTA,,6,1, ,111, ,1,25, ,8,3,1, , ,3, ,1,0,0,2, , , , , , , , , , , , , , , ,5,4, , ,4,5,5,5,5,5,5,1,4,5,6,1,1, 
190257,190257.v01,1,2017,TOYOTA,,6,1,150, , ,3, ,40,12,4,1, , , ,14,1,0,0,1,10, ,1,0,0,0,0,0,0,0,0,0,0,0, ,1,4, , ,1,3,6,5,2,5,5,6,6,2,5,4, , 
190264,190264.v01,1,2016,TOYOTA,,6,1,150, ,1, , ,50,4,4,3,1, ,10, ,0,0,1,1,3, ,1,0,0,0,0,0,0,0,0,0,0,0, ,5,4, , ,5,4,6,5,5,5,5,1,2,5,5,3, , 
190270,190270.v02,2,2018,HONDA,,6,3,200, ,2, ,20, ,8,4,2,2, ,5, ,1,1,0,1,3, ,1,1,0,1,0,0,0,0,0,0,0,0, ,3,4, , ,1,3,1,4,1,4,4,1,2,3,7,5, , 
190289,190289.v01,1,2017,TOYOTA,,6,1,220, ,2, , ,60,5,3,1, , , ,3,1,0,0,1,3, ,1,0,0,0,0,0,0,0,0,0,0,0, ,3,4, , ,4,3,3,5,5,5,4,1,3,5,7,5, , 
190290,190290.v01,1,2017,HONDA,,6,3, ,900,1, , ,20,5,4,4,2, ,5, ,0,1,0,2, , , , , , , , , , , , , , , ,3,4, , ,5,3,6,5,6,7,5,7,7,5,5,5, , 
190295,190295.v01,1,2018,TOYOTA,,6,3,211, ,211, , ,100,20,3,2,1, ,10, ,0,0,1,1,6, ,1,1,0,0,0,0,0,0,0,0,0,0, ,5,4, , ,5,4,7,5,7,5,5,7,5,5,3,3, , 
190311,190311.v01,1,2017,HONDA,,6,3,150, , ,3, ,60,4,4,2,1, ,12, ,1,1,0,2, , , , , , , , , , , , , , , ,3,4, , ,1,1,7,5,7,7,5,7,4,2,7,5, , 
190314,190314.v06,6,2018,HONDA,,6,3,385, ,3, , , ,5,3,2,2, ,9, ,1,1,0,2, , , , , , , , , , , , , , , ,5,4, , ,5,5,7,5,7,5,5,7,3,5,4,3,1, 
190319,190319.v02,2,2017,TOYOTA,,6,1, ,700, ,3, ,60,5,3,3,1, ,5, ,0,0,1,2, , , , , , , , , , , , , , , ,5,4, , ,1,5,4,5,7,5,5,7,3,5,7,5,1, 
190324,190324.v02,2,2017,HYUNDAI,,6,6,250, ,3, , ,120,15,2,2,1, ,4, ,1,0,0,1,5, ,1,0,0,0,0,0,0,0,0,0,0,0, ,2,2, ,120,5,1,6,4,6,7,7,6,1,3,5,3,2, 
190326,190326.v02,2,2017,TOYOTA,,6,1,100, , ,2, ,20,10,3,2,1, ,2, ,1,0,0,1,2, ,1,0,0,0,0,0,0,0,0,0,0,0, ,3,4, , ,5,5,6,4,6,3,5,3,6,4,5,4, , 
190373,190373.v01,1,2017,TOYOTA,,6,1, ,300, ,2, ,50,12,4,1, , ,2, ,1,0,0,1,2, ,0,1,0,0,0,0,0,0,0,0,0,0, ,5,4, , ,4,5,7,5,7,7,5,7,1,4,5,4, , 
190379,190379.v01,1,2016,TOYOTA,,6,1, ,851, ,5,38, ,6,4,4,2, ,9, ,0,0,1,2, , , , , , , , , , , , , , , ,5,2, ,160,4,1,4,4,7,3,4,7,3,4,7,5, , 
190380,190380.v03,3,2017,TOYOTA,,6,1,140, , ,1,15, ,5,4,4,2, ,12, ,0,0,1,1,5, ,1,0,0,0,0,0,0,0,0,0,0,0, ,4,4, , ,1,4,1,1,1,1,4,1,1,3,4,3,3, 
190387,190387.v02,2,2018,TOYOTA,,6,1, ,670,1, , ,100,5,3,1, , , ,3,1,0,0,1,2, ,1,0,0,0,0,0,0,0,0,0,0,0, ,5,4, , ,4,1,7,5,7,4,5,7,2,5,6,4, , 
190391,190391.v01,1,2017,HONDA,,6,3,300, ,2, ,50, ,5,4,3,1, ,12, ,0,0,1,1, ,1,0,1,0,0,0,0,0,0,0,0,0,0, ,3,4, , ,1,3,6,5,5,5,5,1,3,3,7,5, , 
190404,190404.v01,1,2018,TOYOTA,,6,1, ,500, ,2,50, ,5,4,1, , , ,10,1,0,0,2, , , , , , , , , , , , , , , ,5,4, , ,3,1,5,5,5,5,5,3,5,2,7,5, , 
190400,190400.v01,1,2018,TOYOTA,,6,1,300, ,1, ,50, ,5,3,1, , ,10, ,1,0,0,2, , , , , , , , , , , , , , , ,3,4, , ,1,4,6,5,7,5,4,1,5,5,7,5, , 
190458,190458.v03,3,2017,HONDA,,6,3,380, ,1, , ,30,5,4,4,2, ,15, ,1,1,0,2, , , , , , , , , , , , , , , ,3,4, , ,1,4,6,2,7,5,4,2,1,5,7,5, , 
190428,190428.v02,2,2018,TOYOTA,,6,1,70, ,1, ,40, ,5,2,2,1, ,8, ,0,1,0,2, , , , , , , , , , , , , , , ,5,4, , ,5,2,4,4,4,4,4,7,4,4,6,4,1, 
190417,190417.v01,1,2017,HONDA,,6,3,300, ,1, ,10, ,5,3,2,1, ,3, ,1,0,0,1,4, ,1,0,0,0,0,0,0,0,0,0,0,0, ,3,4, , ,4,1,1,5,1,3,5,1,1,1,4,3, , 
190451,190451.v01,1,2017,HONDA,,6,3,100, , ,2,50, ,4,3,1, , ,8, ,0,1,0,2, , , , , , , , , , , , , , , ,4,4, , ,1,2,1,3,7,2,3,1,2,1,6,4, , 
190422,190422.v02,2,2017,TOYOTA,,6,1,310, ,2, , ,50,5,4,3,2, ,18, ,0,1,0,1,2, ,1,1,0,1,0,0,1,0,0,0,0,0, ,2,4, , ,5,1,4,4,5,3,4,3,3,4,6,4, , 
190426,190426.v03,3,2017,HONDA,,6,3,300, ,1, , ,40,5,3,4,2, ,15, ,0,1,0,1,30, ,1,0,0,0,0,0,0,0,0,0,0,0, ,4,4, , ,4,3,1,5,3,5,5,1,2,5,5,4, , 
190436,190436.v01,1,2018,HONDA,,6,3,250, ,1, , ,80,6,4,1, , ,18, ,0,0,1,1,1, ,1,0,0,0,0,0,0,0,0,0,0,0, ,4,4, , ,4,3,7,4,2,1,4,7,1,2,5,3, , 
190681,190681.v02,2,2018,TOYOTA,,6,1,300, ,4, ,15, ,5,2,3,1, , ,10,0,0,1,1,1, ,0,1,0,0,0,0,0,0,0,0,0,0, ,5,4, , ,3,4,5,5,5,5,5,4,4,5,5,4, , 
190468,190468.v01,1,2017,HONDA,,6,3,425, ,3, , ,30,6,4,1, , ,16, ,0,1,0,1,1, ,0,1,0,0,0,0,0,0,0,0,0,0, ,5,4, , ,1,5,6,5,5,5,5,7,5,5,4,3, , 
190453,190453.v03,3,2016,TOYOTA,,6,1,150, ,1, ,20, ,10,3,4,1, ,5, ,1,0,0,1,1, ,1,0,0,0,0,0,0,0,0,0,0,0, ,3,4, , ,5,2,4,4,4,3,4,7,7,2,4,3,2, 
190454,190454.v01,1,2017,HONDA,,6,3, ,400, ,2, ,50,5,2,2,1, ,2, ,1,0,0,1,3, ,1,0,0,0,0,0,0,0,0,0,0,0, ,3,4, , ,4,2,1,3,1,2,4,1,3,1,6,3, , 
190470,190470.v02,2,2016,TOYOTA,,6,1, ,500,2, , ,35,4,3,2,1, , ,18,0,0,1,1,3, ,1,0,0,0,0,0,0,0,0,0,0,0, ,4,4, , ,1,3,7,4,4,4,4,7,3,3,6,4,2, 
190469,190469.v02,2,2017,HONDA,,6,3, ,400, ,2, ,140,5,4,2,1, ,9, ,1,1,0,2, , , , , , , , , , , , , , , ,3,4, , ,1,2,1,2,1,1,3,1,2,2,5,4, , 
190476,190476.v01,1,2017,TOYOTA,,6,1,300, , ,6, ,70,5,1,2,1, ,5, ,1,1,0,1,1, ,1,1,0,0,0,0,0,0,0,0,0,0, ,3,4, , ,5,5,6,5,5,5,5,3,4,5,7,3, , 
190461,190461.v01,1,2017,TOYOTA,,6,1, ,999,3, ,30, ,15,2,3,2, , ,30,0,0,1,1,15, ,1,1,0,0,0,0,0,0,0,0,0,0, ,5,4, , ,5,1,3,3,3,4,5,1,1,1,1,1,1, 
190472,190472.v01,1,2016,HONDA,,6,3,200, , ,3, ,40,4,3,3,1, , ,20,0,0,1,2, , , , , , , , , , , , , , , ,5,4, , ,4,2,7,7,7,5,5,7,7,3,7,5,1, 
190467,190467.v02,2,2017,HONDA,,6,3,250, , ,3,20, ,10,2,3,1, ,15, ,0,0,1,2, , , , , , , , , , , , , , , ,4,4, , ,2,3,2,3,3,5,4,1,1,2,4,4, , 
190471,190471.v01,1,2017,HONDA,,6,3,250, ,1, , ,60,4,4,1, , ,6, ,1,1,0,1,3, ,1,1,0,0,0,0,0,0,0,0,0,0, ,3,4, , ,2,4,7,5,7,5,5,7,3,5,7,5, , 
190482,190482.v02,2,2017,HONDA,,6,3,250, ,1, , ,50,10,1,2,1, ,5, ,0,0,1,2, , , , , , , , , , , , , , , ,2,4, , ,3,2,5,5,5,5,5,5,5,5,7,5, , 
190488,190488.v03,3,2017,HONDA,,6,3, ,670, ,3,33, ,5,2,2,1, ,5, ,1,0,0,1,15, ,1,0,0,0,0,0,0,0,0,0,0,0, ,5,4, , ,4,2,7,5,7,3,4,7,7,3,7,5, , 
190478,190478.v01,1,2017,HONDA,,6,3,300, ,3, , ,80,5,4,2,1, ,12, ,1,0,0,1,5, ,1,0,0,0,0,0,0,0,0,0,0,0, ,3,4, , ,5,4,6,5,6,6,5,1,1,5,5,5, , 
190511,190511.v03,3,2017,TOYOTA,,6,1, ,350, ,2, ,90,5,4,1, , ,6, ,1,0,0,1,1, ,0,1,0,0,0,0,0,0,0,0,0,0, ,5,4, , ,1,3,6,3,6,3,5,6,2,3,5,4, , 
190502,190502.v02,2,2017,HONDA,,6,3, ,750, ,3,25, ,5,3,2,1, ,1, ,1,0,0,1, ,2,1,0,0,0,0,0,0,0,0,0,0,0, ,5,4, , ,4,1,7,3,7,7,4,7,2,2,4,3, , 
190487,190487.v04,4,2019,TOYOTA,,6,1,250, ,1, ,20, ,5,1,2,2, ,25, ,0,1,0,1,4, ,1,1,0,0,0,0,0,0,0,0,0,0, ,5,4, , ,5,5,6,5,5,5,5,1,1,5,5,4,2, 
190503,190503.v01,1,2017,TOYOTA,,6,1, ,500, ,4,25, ,6,2,3,1, ,1, ,1,1,0,1,1, ,0,1,0,0,0,0,0,0,0,0,0,0, ,3,4, , ,4,1,4,5,7,7,5,4,3,4,7,5, , 
190519,190519.v01,1,2018,TOYOTA,,6,1,200, ,1, ,50, ,5,3,2,1, ,3, ,1,1,0,1,1, ,0,1,0,0,0,0,0,0,0,0,0,0, ,5,4, , ,1,5,5,5,5,5,5,7,7,5,7,5, , 
190547,190547.v02,2,2017,HONDA,,6,3,330, ,1, , ,50,4,3,2,1, ,3, ,1,1,0,1,3, ,1,1,0,0,0,0,0,0,0,0,0,0, ,4,4, , ,1,2,5,5,5,5,5,1,3,5,7,5, , 
190522,190522.v01,1,2017,HONDA,,6,3,150, , ,2, ,20,5,3,2,2, ,6, ,0,0,1,1, ,6,1,0,0,0,0,0,0,0,0,0,0,0, ,3,4, , ,2,1,6,5,5,4,5,1,3,5,5,4, , 
190536,190536.v03,3,2018,HONDA,,6,3,400, ,2, , ,100,5,4,1, , , ,5,1,0,0,1,4, ,1,1,0,0,0,0,0,0,0,0,0,0, ,3,4, , ,2,3,7,5,7,7,5,7,3,5,5,4,1, 
190534,190534.v01,1,2018,TOYOTA,,6,1,300, ,1, , ,100,5,3,3,2, ,20, ,0,0,1,2, , , , , , , , , , , , , , , ,5,4, , ,1,5,7,5,7,4,5,7,4,4,4,3, , 
190527,190527.v01,1,2018,TOYOTA,,6,1,300, ,1, , , ,5,3,4,3, , ,30,0,1,0,1, ,2,1,1,0,0,0,0,0,0,0,0,0,0, ,5,4, , ,4,3,6,3,4,3,4,1,3,4,4,3, , 
190549,190549.v01,1,2018,TOYOTA,,6,1,250, ,2, , , ,10,2,3,1, ,4, ,1,0,0,1,1, ,0,1,0,0,0,0,0,0,0,0,0,0, ,5,4, , ,1,5,7,5,1,4,5,1,2,2,7,5, , 
190565,190565.v01,1,2017,TOYOTA,,6,1, ,900,2, , ,95,5,3,2,1, ,3, ,1,0,0,2, , , , , , , , , , , , , , , ,3,4, , ,5,5,7,5,7,7,5,7,4,4,4,4,1, 
190568,190568.v05,5,2018,TOYOTA,,6,1,300, ,1, , ,290,10,3,2,1, , ,10,1,1,0,1, ,1,1,1,0,0,0,0,0,0,0,0,0,0, ,4,4, , ,5,3,5,5,7,5,5,5,4,5,4,4,1, 
190572,190572.v01,1,2018,HONDA,,6,3,450, ,2, , ,50,6,2,4,2, ,6, ,0,0,1,1,6, ,1,1,0,0,0,0,0,0,0,0,0,0, ,5,4, , ,1,1,5,5,5,4,5,3,1,5,5,4, , 
190569,190569.v01,1,2018,TOYOTA,,6,1,400, ,2, , ,100,5,4,2,2, ,8, ,1,0,0,1,2, ,0,1,0,0,0,0,0,0,0,0,0,0, ,5,4, , ,1,4,6,4,7,3,5,2,3,3,7,5, , 
190576,190576.v01,1,2018,TOYOTA,,6,1,250, ,1, ,25, ,5,3,2,1, ,4, ,1,0,0,2, , , , , , , , , , , , , , , ,4,4, , ,4,4,6,1,5,5,5,1,2,5,5,5, , 
190582,190582.v02,2,2017,TOYOTA,,6,1,15, , ,1,50, ,5,3,1, , ,2, ,1,0,0,1,1, ,0,0,0,0,0,0,0,0,0,0,0,1,Loaner vehicle from dealer,2,4, , ,3,1,3,3,3,4,5,7,5,5,5,5, , 
190587,190587.v01,1,2017,HONDA,,6,3,400, ,1, , ,30,5,2,1, , ,5, ,1,1,0,2, , , , , , , , , , , , , , , ,4,4, , ,5,5,5,5,5,4,5,4,3,5,7,5, , 
190908,190908.v01,1,2017,TOYOTA,,6,1,400, ,2, ,25, ,10,2,4,3, ,9, ,0,0,1,1,3, ,0,1,0,0,0,0,1,0,0,0,0,0, ,5,4, , ,4,1,6,3,6,6,3,7,6,3,4,4, , 
190874,190874.v01,1,2017,HONDA,,6,3,300, ,3, , ,100,5,3,2,2, ,7, ,0,1,0,1,1, ,1,0,0,0,0,0,0,0,0,0,0,0, ,5,4, , ,5,1,7,5,7,3,5,7,2,5,3,1, , 
190711,190711.v02,2,2017,HONDA,,6,3, ,500, ,3, ,100,10,1,4,1, ,1, ,1,0,0,1,1, ,0,1,0,0,0,0,0,0,0,0,0,0, ,5,4, , ,1,5,5,5,7,4,5,3,5,5,5,4,1, 
190610,190610.v01,1,2017,HONDA,,6,3,335, ,2, ,50, ,10,3,2,1, ,2, ,1,0,0,1,4, ,1,1,0,0,0,0,0,0,0,0,0,0, ,3,4, , ,1,5,6,5,1,3,5,1,2,4,7,5, , 
190621,190621.v02,2,2017,TOYOTA,,6,1,150, ,1, , ,70,5,2,2,1, , ,10,1,0,0,1,9, ,1,1,0,0,1,0,0,1,0,0,0,0, ,5,4, , ,5,4,5,5,5,5,5,5,5,3,4,4, , 
190624,190624.v01,1,2018,TOYOTA,,6,1, ,800,1, , ,50,15,2,3,2, ,30, ,0,0,1,1,2, ,0,1,0,1,0,0,1,0,0,0,0,0, ,5,4, , ,1,5,5,5,5,5,5,5,5,5,5,5, , 
190668,190668.v01,1,2017,HONDA,,6,3,400, ,1, , ,30,3,3,1, , ,33, ,0,1,0,1,2, ,0,1,0,0,0,0,0,0,0,0,0,0, ,3,4, , ,4,4,6,5,7,4,5,7,3,5,7,5, , 
190645,190645.v03,3,2018,TOYOTA,,6,1,300, ,1, ,25, ,8,3,2,1, ,1, ,1,0,0,2, , , , , , , , , , , , , , , ,3,4, , ,5,5,1,5,3,5,5,1,3,3,6,4, , 
190631,190631.v01,1,2017,TOYOTA,,6,1, ,500, ,4, ,50,5,4,3,1, ,11, ,0,0,1,2, , , , , , , , , , , , , , , ,5,4, , ,4,3,5,5,5,5,5,1,5,4,6,4, , 
190641,190641.v01,1,2017,HONDA,,6,3, ,750,1, ,30, ,6,2,1, , ,4, ,0,0,1,2, , , , , , , , , , , , , , , ,5,4, , ,5,4,7,5,7,5,5,7,3,4,4,3, , 
190640,190640.v01,1,2017,HONDA,,6,3,250, ,1, ,50, ,6,3,4,2, ,8, ,1,1,0,1,2, ,0,1,0,0,0,0,0,0,0,0,0,0, ,5,4, , ,5,1,1,4,1,1,5,1,3,3,5,4, , 
190671,190671.v02,2,2018,TOYOTA,,6,1,150, , ,2, ,50,10,2,2,1, ,3, ,0,0,1,1, ,1,1,0,0,0,0,0,0,0,0,0,0,0, ,2,4, , ,4,4,3,5,4,5,5,2,3,5,7,5, , 
190667,190667.v01,1,2017,TOYOTA,,6,1,230, ,1, ,20, ,5,1,3,3, ,15, ,0,1,0,1, ,2,1,0,0,0,0,0,0,0,0,0,0,0, ,5,4, , ,1,5,5,5,5,5,5,1,5,5,6,3,1, 
190657,190657.v02,2,2018,TOYOTA,,6,1,300, ,2, , ,10,10,3,2,1, ,8, ,0,0,1,1, ,2,1,0,0,0,0,0,0,0,0,0,0,0, ,2,4, , ,3,4,3,5,3,4,3,4,3,5,4,4, , 
190747,190747.v03,3,2017,TOYOTA,,6,1,300, ,1, , ,25,5,3,1, , ,8, ,0,0,1,1, ,2,1,0,0,0,0,0,0,0,0,0,0,0, ,4,4, , ,5,1,7,5,7,5,5,7,2,5,4,3, , 
190675,190675.v02,2,2018,TOYOTA,,6,1,250, ,1, , ,40,20,2,1, , ,11, ,0,0,1,1,10, ,1,0,0,0,0,0,0,0,0,0,0,0, ,4,4, , ,1,5,5,5,6,7,5,7,7,3,4,3,1, 
190695,190695.v01,1,2017,TOYOTA,,6,1,200, ,1, ,80, ,5,3,3,3, , ,10,0,0,1,1, ,1,0,1,0,0,0,0,0,0,0,0,0,0, ,3,4, , ,1,1,7,4,4,7,7,7,1,3,7,4, , 
190694,190694.v01,1,2017,TOYOTA,,6,1, ,650, ,3, ,40,3,4,1, , ,2, ,1,0,0,1,4, ,1,1,0,0,0,0,0,0,0,0,0,0, ,3,4, , ,1,3,1,2,7,1,3,1,1,1,7,5, , 
190699,190699.v02,2,2019,TOYOTA,,6,1,60, ,1, ,1, ,5,2,1, , ,15, ,0,0,1,1,6, ,0,1,0,0,0,0,0,0,0,0,0,0, ,4,4, , ,1,5,5,5,6,5,5,6,5,5,5,5, , 
190827,190827.v03,3,2018,TOYOTA,,6,1,100, , ,3,20, ,6,4,4,2, ,2, ,1,0,0,1,1, ,0,1,0,0,0,0,0,0,0,0,0,0, ,4,4, , ,2,1,5,5,7,5,5,3,5,7,6,4,2, 
190724,190724.v01,1,2017,TOYOTA,,6,1,333, ,2, , ,100,4,3,3,2, ,3, ,1,0,0,1,1, ,0,0,0,0,0,0,0,0,0,0,0,1,Trade-in through Toyota,4,4, , ,3,3,4,4,4,4,3,1,1,4,7,5, , 
190709,190709.v01,1,2017,HONDA,,6,3,360, ,1, ,95, ,5,4,4,2, ,5, ,1,0,0,2, , , , , , , , , , , , , , , ,3,4, , ,3,1,6,5,7,5,5,7,3,4,7,5, , 
190714,190714.v01,1,2018,TOYOTA,,6,1,280, ,1, , ,50,5,4,2,1, , ,10,1,1,0,2, , , , , , , , , , , , , , , ,2,4, , ,1,4,5,5,1,5,5,5,5,5,7,5, , 
190754,190754.v01,1,2017,HONDA,,6,3,300, ,1, , ,30,6,3,3,1, ,11, ,0,1,0,1,1, ,0,1,0,0,0,0,0,0,0,0,0,0, ,3,4, , ,5,1,6,5,7,5,5,4,5,5,7,5, , 
190791,190791.v02,2,2018,HONDA,,6,3, ,900, ,3, ,20,5,4,2,2, ,7, ,1,1,0,1,5, ,1,0,0,0,0,0,0,0,0,0,0,0, ,4,4, , ,4,3,4,4,4,4,4,7,2,3,7,5, , 
190730,190730.v01,1,2019,HYUNDAI,,6,6,270, ,6, , ,100,5,3,3,1, , ,10,1,1,0,1, ,3,0,1,0,0,0,0,0,0,0,0,0,0, ,5,4, , ,3,3,1,3,3,2,4,1,1,4,5,4, , 
190727,190727.v02,2,2017,HONDA,,6,3,200, ,3, ,10, ,10,2,4,3, ,5, ,1,0,0,1,50, ,1,1,0,0,0,0,0,0,0,0,1,0, ,5,4, , ,5,1,6,5,6,1,5,1,5,5,4,4,1, 
190732,190732.v01,1,2018,TOYOTA,,6,1,200, ,1, , ,50,15,1,4,2, ,12, ,0,0,1,1, ,2,0,1,0,1,0,1,1,1,1,0,1,0, ,5,4, , ,3,2,4,5,5,5,4,1,3,3,4,4,1, 
190743,190743.v03,3,2017,TOYOTA,,6,1,200, , ,3, ,100,7,2,3,1, ,8, ,1,0,0,1,1, ,0,1,0,0,0,0,0,0,0,0,0,0, ,5,4, , ,3,5,7,5,7,5,5,7,4,1,7,5, , 
191005,191005.v03,3,2017,TOYOTA,,6,1,400, ,3, , ,80,5,1,4,2, ,20, ,0,1,0,1,12, ,1,1,0,0,0,0,0,0,0,0,0,0, ,2,4, , ,5,3,1,5,7,4,5,1,2,3,5,4, , 
190740,190740.v04,4,2017,TOYOTA,,6,1,450, ,2, , ,200,3,3,1, , , ,4,1,1,0,2, , , , , , , , , , , , , , , ,4,4, , ,5,2,4,4,4,4,5,4,2,5,4,4, , 
190741,190741.v01,1,2018,TOYOTA,,6,1, ,454, ,2, ,70,6,3,3,1, ,11, ,0,0,1,2, , , , , , , , , , , , , , , ,5,4, , ,1,3,5,5,7,5,5,1,3,5,7,5, , 
190821,190821.v01,1,2016,TOYOTA,,6,1,100, , ,2,25, ,4,3,3,3, , ,15,0,1,0,2, , , , , , , , , , , , , , , ,2,4, , ,1,2,7,5,7,5,5,5,3,5,6,4, , 
190775,190775.v01,1,2017,TOYOTA,,6,1, ,750,1, , ,40,5,2,3,2, , ,20,0,0,1,1,1, ,0,1,0,0,0,0,0,0,0,0,0,0, ,5,4, , ,4,4,4,5,5,5,5,1,3,5,5,5,1, 
190761,190761.v01,1,2017,HONDA,,6,3,200, ,1, , ,60,4,2,2,2, , ,15,1,1,0,1,4, ,1,0,0,0,0,0,0,0,0,0,0,0, ,5,4, , ,4,4,6,5,6,4,5,7,4,5,7,4, , 
190760,190760.v01,1,2017,HONDA,,6,3,150, ,1, ,50, ,4,3,2,1, ,7, ,1,0,0,1,4, ,1,1,0,1,0,0,0,0,0,0,0,0, ,2,4, , ,3,5,5,5,5,5,5,4,5,5,7,5,1, 
190772,190772.v01,1,2019,TOYOTA,,6,1,280, ,1, , ,20,4,1,2,2, ,30, ,0,1,0,1, ,3,1,1,0,0,0,0,0,0,0,0,0,0, ,5,4, , ,3,4,7,5,7,5,5,7,7,5,5,4, , 
190789,190789.v04,4,2017,HONDA,,6,3, ,667,1, , ,100,6,3,3,2, ,4, ,0,0,1,1,2, ,1,0,0,0,0,0,0,0,0,0,0,0, ,5,4, , ,5,4,3,4,4,4,5,2,4,5,4,4, , 
190800,190800.v01,1,2016,TOYOTA,,6,1,200, ,1, , ,60,5,3,1, , ,12, ,0,0,1,1,2, ,0,1,0,0,0,0,0,0,0,0,0,0, ,5,4, , ,1,5,7,5,7,5,5,1,7,5,6,3, , 
190805,190805.v01,1,2018,HONDA,,6,3,300, ,2, , ,49,5,2,3,2, ,4, ,1,1,0,1,2, ,1,1,0,0,0,0,0,0,0,0,1,0, ,4,4, , ,1,5,5,5,5,5,5,3,5,1,7,5, , 
190817,190817.v01,1,2017,TOYOTA,,6,1,150, , ,2, ,50,5,4,2,2, , ,10,0,1,0,1,1, ,0,1,0,0,0,0,0,0,0,0,0,0, ,3,4, , ,2,4,7,4,4,3,4,7,3,4,4,3, , 
190823,190823.v02,2,2017,HONDA,,6,3,300, ,1, , ,30,3,2,1, , ,6, ,0,1,0,1,4, ,1,1,0,0,0,0,0,0,0,0,1,0, ,3,4, , ,4,5,6,5,7,6,5,6,5,4,6,5, , 
190869,190869.v02,2,2017,TOYOTA,,6,1,200, ,1, , ,70,5,4,4,1, ,3, ,1,0,0,1,1, ,0,1,0,0,0,0,0,0,0,0,0,0, ,3,4, , ,4,2,5,5,5,5,5,5,5,5,7,5,1, 
190820,190820.v01,1,2017,HONDA,,6,3, ,500,1, , ,80,7,3,2,2, ,5, ,0,1,0,1,1, ,0,1,0,0,0,0,0,0,0,0,0,0, ,4,4, , ,4,3,6,5,4,3,4,3,3,5,4,3, , 
190830,190830.v01,1,2017,HONDA,,6,3,385, ,1, , ,30,5,2,3,1, ,24, ,0,1,0,1,1, ,1,0,0,0,0,0,0,0,0,0,0,0, ,5,4, , ,5,5,5,5,5,5,5,6,4,5,5,4, , 
190832,190832.v01,1,2017,HONDA,,6,3,350, ,1, , ,30,6,2,2,1, ,4, ,1,0,0,1,1, ,1,0,0,0,0,0,0,0,0,0,0,0, ,4,4, , ,5,5,6,5,7,4,5,2,3,3,4,3, , 
190837,190837.v01,1,2017,HONDA,,6,3,200, ,2, , ,70,5,2,1, , ,15, ,0,0,1,1, ,5,1,0,0,0,0,0,0,0,0,0,0,0, ,5,4, , ,5,3,3,3,3,1,3,6,1,5,1,1, , 
190846,190846.v01,1,2017,HONDA,,6,3,80, , ,2, ,20,5,4,1, , , ,7,1,1,0,2, , , , , , , , , , , , , , , ,4,4, , ,1,3,7,4,7,3,4,7,2,3,7,5, , 
190850,190850.v04,4,2017,TOYOTA,,6,1,150, , ,3, ,50,5,4,1, , , ,7,1,0,0,1,5, ,1,1,0,0,0,0,0,0,0,0,0,0, ,5,4, , ,5,1,5,5,5,3,5,1,4,4,3,2, , 
190852,190852.v02,2,2018,HONDA,,6,3,330, ,360, , ,15,15,4,3,1, ,10, ,0,1,0,2, , , , , , , , , , , , , , , ,1,4, , ,3,5,6,5,7,5,5,5,6,5,7,5,2, 
190868,190868.v01,1,2017,TOYOTA,,6,1, ,700, ,2, ,50,5,4,2,1, ,5, ,1,0,0,1,6, ,1,0,0,0,0,0,0,0,0,0,0,0, ,5,4, , ,1,2,4,4,4,4,4,3,4,5,4,2, , 
190871,190871.v01,1,2017,TOYOTA,,6,1,250, ,2, ,80, ,5,1,1, , , ,10,0,0,1,1,12, ,1,0,0,0,0,0,0,0,0,0,0,0, ,5,4, , ,5,2,7,4,4,7,5,7,6,4,6,4, , 
190872,190872.v01,1,2017,HYUNDAI,,6,6,175, , ,2, ,40,5,3,2,2, , ,30,1,1,0,1,4, ,1,1,0,0,0,0,0,0,0,0,0,0, ,4,4, , ,4,3,7,4,7,7,4,2,7,3,6,5, , 
191029,191029.v01,1,2016,TOYOTA,,6,1, ,900, ,2,20, ,5,4,3,3, ,15, ,0,1,0,1,5, ,1,1,0,1,0,0,0,0,0,0,0,0, ,3,4, , ,1,5,5,5,5,5,5,1,3,5,7,4, , 
190882,190882.v01,1,2018,TOYOTA,,6,1,220, , ,6, ,25,5,2,3,2, ,9, ,0,0,1,1,4, ,1,1,0,0,0,0,0,0,0,0,0,0, ,3,4, , ,5,2,6,5,7,5,5,1,3,5,5,1, , 
190881,190881.v01,1,2018,TOYOTA,,6,1,200, , ,3, ,40,5,3,2,2, ,7, ,0,0,1,1, ,2,1,0,0,0,0,0,0,0,0,0,0,0, ,4,4, , ,4,4,5,5,7,5,5,1,3,2,5,4, , 
190894,190894.v01,1,2017,TOYOTA,,6,1, ,600, ,2, ,80,4,3,2,1, ,5, ,1,1,0,1,2, ,1,0,0,0,0,0,0,0,0,0,0,0, ,1,4, , ,1,4,7,4,7,4,4,7,2,2,7,5, , 
190896,190896.v01,1,2018,TOYOTA,,6,1,60, , ,3,50, ,5,2,1, , ,3, ,1,0,0,2, , , , , , , , , , , , , , , ,3,4, , ,4,1,7,7,7,4,4,7,7,3,7,5, , 
190906,190906.v05,5,2017,HONDA,,6,3,350, ,2, ,30, ,10,1,4,2, ,8, ,0,0,1,1,500, ,1,0,0,0,0,0,0,1,0,1,1,0, ,2,4, , ,5,5,5,5,5,4,5,1,7,5,7,5, , 
190919,190919.v01,1,2017,TOYOTA,,6,1,200, ,1, , ,75,5,2,3,2, ,3, ,1,0,0,1,3, ,0,1,0,0,0,0,0,0,0,0,0,0, ,3,4, , ,4,3,7,5,5,2,5,2,3,5,7,4, , 
191240,191240.v01,1,2017,TOYOTA,,6,1,200, ,2, ,10, ,5,3,2,1, ,3, ,1,1,0,1,3, ,1,0,0,0,0,0,0,0,0,0,0,0, ,4,4, , ,1,5,5,5,5,5,5,1,4,5,6,5, , 
190937,190937.v01,1,2017,TOYOTA,,6,1,180, ,1, , ,50,6,3,2,1, , ,12,0,0,1,1,4, ,0,0,0,0,0,0,1,0,0,0,0,0, ,5,4, , ,5,3,6,5,6,7,5,7,7,5,7,5, , 
190961,190961.v01,1,2017,TOYOTA,,6,1,200, , ,2,25, ,5,2,2,1, , ,10,1,0,0,1,10, ,1,0,0,0,0,0,0,0,0,0,0,0, ,2,4, , ,1,4,5,5,5,5,5,5,3,5,6,3, , 
190948,190948.v02,2,2017,TOYOTA,,6,1,350, ,2, , ,50,5,4,3,1, ,10, ,1,1,0,1,1, ,0,1,0,0,0,0,0,0,0,0,0,0, ,5,4, , ,4,1,7,3,7,3,5,7,1,5,4,3, , 
190958,190958.v02,2,2017,TOYOTA,,6,1,40, ,1, ,40, ,6,3,4,1, ,2, ,1,0,0,1,0, ,0,1,0,0,0,0,0,0,0,0,0,0, ,2,4, , ,3,5,2,1,2,2,5,1,3,5,7,4,1, 
190954,190954.v01,1,2017,HONDA,,6,3,300, ,1, , ,30,10,3,3,1, , ,15,1,0,0,1, ,1,0,1,0,0,0,0,0,0,0,0,0,0, ,4,4, , ,2,2,4,4,4,5,4,7,4,5,5,4, , 
190959,190959.v02,2,2016,TOYOTA,,6,1, ,650, ,2, ,60,5,2,1, , ,5, ,0,0,1,1,2, ,1,0,0,0,0,0,0,0,0,0,0,0, ,5,4, , ,5,3,7,5,5,4,5,6,2,5,6,4, , 
190963,190963.v01,1,2019,HONDA,,6,3,300, ,2, , ,80,6,3,4,1, , ,2,1,0,0,1,1, ,0,0,0,0,0,0,0,0,0,1,0,0, ,4,4, , ,5,4,6,4,4,7,5,7,2,2,5,4, , 
190978,190978.v01,1,2017,TOYOTA,,6,1,240, ,1, , ,25,6,3,3,2, ,18, ,0,0,1,1,5, ,1,0,0,0,0,0,0,0,0,0,0,0, ,5,4, , ,5,4,1,4,4,4,3,1,2,2,5,3, , 
190972,190972.v01,1,2018,TOYOTA,,6,1,25, , ,1, ,80,5,3,4,2, ,3, ,1,0,0,2, , , , , , , , , , , , , , , ,3,4, , ,4,4,4,4,3,1,4,4,3,4,6,5, , 
190973,190973.v02,2,2016,TOYOTA,,6,1,300, ,2, , ,35,6,4,2,2, ,2, ,1,1,0,1,4, ,1,0,0,0,0,0,0,0,0,0,0,0, ,5,4, , ,5,5,5,5,4,5,5,2,3,5,6,5, , 
190979,190979.v02,2,2017,HONDA,,6,3,400, ,4, , ,50,2,3,2,1, ,45, ,0,1,0,1,2, ,1,0,0,0,0,0,0,0,0,0,0,0, ,3,4, , ,5,2,7,5,7,7,5,7,4,5,7,4, , 
190982,190982.v01,1,2017,TOYOTA,,6,1,250, ,1, , ,40,5,3,3,2, ,9, ,0,1,0,2, , , , , , , , , , , , , , , ,5,4, , ,1,4,7,4,4,4,4,1,1,5,5,5, , 
191009,191009.v02,2,2017,TOYOTA,,6,1,220, ,1, , ,35,4,2,2,1, ,13, ,0,0,1,2, , , , , , , , , , , , , , , ,3,4, , ,3,3,7,4,7,7,3,7,3,3,7,5, , 
191011,191011.v02,2,2016,TOYOTA,,6,1,150, ,1, , ,100,5,3,2,1, ,10, ,0,0,1,1,1, ,0,1,0,0,0,0,0,0,0,0,0,0, ,3,4, , ,5,4,7,3,7,3,4,1,3,1,5,4,1, 
191021,191021.v01,1,2017,TOYOTA,,6,1, ,450, ,2, ,100,5,3,3,1, ,4, ,1,1,0,1,0, ,0,1,0,1,0,0,1,0,0,1,0,0, ,3,4, , ,5,5,4,4,4,4,4,4,3,3,3,3,2, 
191032,191032.v02,2,2018,HONDA,,6,3,60, ,1, , ,50,10,1,3,1, , ,10,0,1,0,2, , , , , , , , , , , , , , , ,4,4, , ,1,4,6,5,6,4,2,7,7,3,7,5, , 
191040,191040.v01,1,2018,TOYOTA,,6,1,1, , ,3, ,50,6,3,2,1, ,4, ,1,0,0,1, ,5,1,0,0,0,0,0,0,1,0,0,0,0, ,5,4, , ,3,5,5,5,5,5,5,5,5,5,4,3, , 
191157,191157.v01,1,2017,HONDA,,6,3,60, , ,3, ,100,5,3,3,3, , ,30,0,0,1,1,2, ,1,0,0,0,0,0,0,0,0,0,0,0, ,5,4, , ,5,1,7,4,7,4,5,1,4,3,7,5, , 
191047,191047.v02,2,2017,TOYOTA,,6,1,200, ,2, , ,120,10,2,3,2, ,4, ,1,0,0,1,10, ,1,1,0,0,0,0,0,0,0,0,0,0, ,5,4, , ,4,2,6,5,5,6,5,7,3,5,4,3,1, 
191073,191073.v01,1,2017,HONDA,,6,3,200, ,1, , ,100,3,3,2,1, , ,20,1,0,0,1,1, ,1,0,0,0,0,0,0,0,0,0,0,0, ,4,4, , ,4,4,6,5,7,4,5,6,3,4,4,4, , 
191174,191174.v01,1,2017,HONDA,,6,3, ,750,1, , ,100,6,3,2,1, ,9, ,0,0,1,1,1, ,0,1,0,0,0,0,0,0,0,0,0,0, ,3,4, , ,4,3,6,5,5,4,5,7,4,5,7,4, , 
191130,191130.v01,1,2017,TOYOTA,,6,1,200, ,1, , ,40,5,2,2,2, ,4, ,1,1,0,2, , , , , , , , , , , , , , , ,1,4, , ,1,4,2,5,4,2,5,1,1,2,7,5, , 
191063,191063.v01,1,2017,TOYOTA,,6,1,230, ,1, , ,50,7,2,2,1, , ,20,0,0,1,1,2, ,0,1,0,0,0,0,0,0,0,0,0,0, ,5,4, , ,4,5,5,5,5,5,5,5,5,3,4,3, , 
191077,191077.v02,2,2017,TOYOTA,,6,1, ,850,2, , ,30,7,2,4,2, ,5, ,0,0,1,1,4, ,0,0,0,0,0,0,0,0,0,0,0,1,Loaner from Toyota,5,4, , ,5,5,5,5,5,3,5,2,5,5,3,1,2, 
191070,191070.v01,1,2017,HONDA,,6,3,375, , ,4, ,30,10,2,3,1, , ,5,1,0,0,1,2, ,0,1,0,0,0,0,0,0,0,0,0,0, ,4,4, , ,5,2,4,4,4,4,5,1,3,4,7,5,1, 
191082,191082.v03,3,2017,TOYOTA,,6,1, ,800,1, , ,50,20,2,1, , , ,15,0,0,1,1,5, ,1,0,0,0,0,0,0,0,0,0,0,0, ,4,4, , ,1,3,3,3,3,3,3,2,3,3,4,4,1, 
191123,191123.v02,2,2017,HONDA,,6,3,300, ,1, , ,25,3,3,2,1, ,5, ,1,1,0,1,10, ,1,1,0,1,0,0,0,1,0,0,0,0, ,5,4, , ,5,5,6,5,6,5,5,1,2,4,7,5,1, 
191103,191103.v02,2,2016,TOYOTA,,6,1, ,500, ,2, ,75,10,4,3,1, , ,12,0,0,1,1,2, ,1,0,0,0,0,0,0,0,0,0,0,0, ,5,4, , ,1,3,7,4,3,3,4,7,3,3,4,2, , 
191108,191108.v01,1,2017,TOYOTA,,6,1,231, ,1, ,30, ,5,4,4,1, ,3, ,1,0,0,1,3, ,1,1,0,0,0,0,0,0,0,0,1,0, ,3,4, , ,4,4,7,5,7,4,5,4,2,4,5,4, , 
191119,191119.v01,1,2016,TOYOTA,,6,1,250, ,2, ,30, ,10,3,2,1, ,2, ,1,1,0,1,10, ,1,0,0,0,0,0,0,0,0,0,0,0, ,5,4, , ,5,1,5,5,1,5,5,1,2,5,7,5,1, 
191137,191137.v01,1,2016,TOYOTA,,6,1, ,999,1, ,30, ,4,3,4,2, ,22, ,0,0,1,1, ,0,1,1,0,0,0,0,0,0,0,0,0,0, ,5,4, , ,4,2,2,2,2,2,1,1,1,1,7,5, , 
191115,191115.v02,2,2018,TOYOTA,,6,1, ,100,5, ,50, ,4,3,2,2, ,7, ,0,0,1,1,3, ,1,0,0,0,0,0,0,0,0,0,0,1,trade out at Toyota dealership,5,4, , ,5,3,5,5,5,5,5,7,5,5,7,5, , 
191131,191131.v02,2,2017,HONDA,,6,3, ,500, ,3,25, ,5,3,2,2, ,10, ,0,1,0,1,2, ,1,0,0,0,0,0,0,0,0,0,0,0, ,2,4, , ,1,5,5,5,5,5,5,1,1,3,7,5,2, 
191142,191142.v01,1,2016,TOYOTA,,6,1,160, ,1, , ,80,7,2,3,2, ,5, ,0,0,1,1,3, ,1,0,0,0,0,0,0,0,0,0,1,0, ,3,4, , ,4,3,6,5,5,1,5,2,2,4,7,4, , 
191140,191140.v02,2,2016,TOYOTA,,6,1,250, ,1, , ,30,6,4,2,1, ,5, ,1,0,0,1,4, ,1,0,0,0,0,0,0,0,0,0,0,0, ,3,4, , ,1,5,7,5,7,3,5,7,3,4,6,5, , 
191160,191160.v01,1,2017,TOYOTA,,6,1, ,650, ,2, , ,6,2,2,2, ,9, ,0,0,1,1,4, ,1,0,0,0,0,0,0,0,0,0,0,0, ,5,4, , ,5,3,7,4,2,3,3,1,3,3,4,3,1, 
191167,191167.v01,1,2017,TOYOTA,,6,1,250, ,1, , ,80,6,2,3,3, ,5, ,1,1,0,1,1, ,0,1,0,0,0,0,0,0,0,0,0,0, ,5,4, , ,5,3,4,5,1,4,5,1,2,4,5,4, , 
191172,191172.v01,1,2017,HONDA,,6,3,500, ,3, ,50, ,10,2,4,2, ,12, ,0,1,0,1,4, ,1,0,0,0,0,0,0,0,0,0,0,0, ,2,4, , ,5,1,7,4,4,7,4,7,7,4,5,5, , 
191177,191177.v03,3,2017,TOYOTA,,6,1,250, ,1, , ,40,5,3,4,2, ,2, ,1,1,0,1,2, ,1,1,0,0,0,0,0,0,0,0,0,0, ,4,4, , ,1,4,4,4,7,3,4,1,2,5,7,5, , 
191281,191281.v01,1,2017,TOYOTA,,6,1,300, ,3, ,100, ,5,3,3,2, ,15, ,0,0,1,1,6, ,1,0,0,0,0,0,0,0,0,0,0,0, ,5,4, , ,4,1,7,5,7,3,5,7,2,5,3,1, , 
191186,191186.v01,1,2018,TOYOTA,,6,1, ,900,1, , ,50,5,3,2,1, , ,15,0,0,1,2, , , , , , , , , , , , , , , ,3,4, , ,5,5,5,5,5,5,5,6,5,5,5,4,1, 
191196,191196.v03,3,2017,TOYOTA,,6,1,365, , ,7, ,70,5,3,3,2, ,30, ,0,1,0,1, ,5,1,0,0,0,0,0,0,0,0,0,0,0, ,4,4, , ,5,4,5,5,5,4,5,4,4,5,6,4,1, 
191231,191231.v01,1,2018,TOYOTA,,6,1, ,550,1, ,25, ,5,3,3,1, ,5, ,0,0,1,2, , , , , , , , , , , , , , , ,3,4, , ,4,5,3,5,3,3,5,4,4,3,7,5, , 
191194,191194.v02,2,2018,TOYOTA,,6,1,120, , ,2, , ,5,2,3,1, ,2, ,1,0,0,2, , , , , , , , , , , , , , , ,4,2,15, ,1,4,5,5,4,5,5,4,5,5,5,5, , 
191195,191195.v01,1,2017,TOYOTA,,6,1,250, ,2, ,20, ,5,2,3,1, ,4, ,1,0,0,1,5, ,0,1,0,0,0,0,0,0,0,0,0,0, ,5,4, , ,3,1,4,4,4,4,4,1,5,5,4,4, , 
191192,191192.v02,2,2017,TOYOTA,,6,1, ,250, ,2,25, ,6,4,1, , ,5, ,1,0,0,1,1, ,0,1,0,0,0,0,0,0,0,0,0,0, ,4,4, , ,1,5,5,5,5,4,5,1,1,3,4,2,1, 
191252,191252.v01,1,2017,TOYOTA,,6,1, ,600,1, , ,40,10,4,2,1, ,15, ,0,1,0,2, , , , , , , , , , , , , , , ,3,4, , ,4,4,4,5,5,4,5,4,4,4,5,4, , 
191214,191214.v03,3,2017,HONDA,,6,3,380, , ,6, ,60,5,3,2,1, , ,15,1,0,0,1,4, ,1,1,0,0,0,0,0,0,0,0,0,0, ,5,4, , ,4,1,1,5,1,4,5,1,4,2,7,4, , 
191225,191225.v01,1,2017,TOYOTA,,6,1, ,700, ,3,25, ,5,3,4,1, ,6, ,0,0,1,1,3, ,1,1,0,0,0,0,0,0,0,0,0,0, ,2,4, , ,4,4,4,4,4,2,5,2,2,3,6,5, , 
191232,191232.v01,1,2018,TOYOTA,,6,1,400, ,2, , ,60,6,3,3,3, , ,20,0,0,1,2, , , , , , , , , , , , , , , ,5,4, , ,3,4,7,5,7,5,5,7,5,5,6,5, , 
191216,191216.v02,2,2016,TOYOTA,,6,1,250, ,1, ,5, ,10,2,2,1, ,3, ,1,1,0,1,1, ,1,0,0,0,0,0,0,0,0,0,0,0, ,5,4, , ,1,4,6,5,2,4,5,2,4,4,6,4, , 
191233,191233.v01,1,2018,TOYOTA,,6,1,120, ,1, , ,100,10,3,2,2, ,5, ,1,0,0,1,1, ,1,0,0,0,0,0,0,0,0,0,0,0, ,4,4, , ,5,2,5,5,6,5,5,1,1,4,7,5, , 
191236,191236.v02,2,2017,TOYOTA,,6,1,250, ,1, , ,50,5,4,3,1, ,7, ,0,1,0,1,20, ,1,0,0,0,0,0,0,0,0,0,0,0, ,3,4, , ,4,3,7,7,7,4,3,7,2,2,7,5,1, 
191237,191237.v01,1,2016,TOYOTA,,6,1, ,500, ,2, ,60,5,4,1, , , ,10,1,0,0,1,2, ,1,0,0,0,0,0,0,0,0,0,0,0, ,1,4, , ,5,3,7,5,7,5,5,1,2,1,7,5, , 
191409,191409.v02,2,2016,TOYOTA,,6,1,200, ,1, , ,50,5,2,2,1, ,8, ,1,0,0,2, , , , , , , , , , , , , , , ,4,4, , ,5,1,5,5,5,2,5,1,1,1,5,4,1, 
191246,191246.v01,1,2018,TOYOTA,,6,1,350, ,2, , ,40,4,2,2,1, ,3, ,1,0,0,1,4, ,1,0,0,0,0,0,0,0,0,0,0,0, ,3,4, , ,5,5,7,5,4,5,4,1,1,2,7,5,2, 
191260,191260.v01,1,2017,HONDA,,6,3,200, ,1, , ,175,6,3,1, , ,12, ,0,0,1,1,1, ,1,0,0,0,0,0,0,0,0,0,0,0, ,4,4, , ,4,1,7,3,3,2,4,7,2,3,6,5, , 
191259,191259.v01,1,2017,HONDA,,6,3, ,999,2, , ,100,4,3,4,1, ,15, ,0,0,1,1,2, ,0,1,0,0,1,0,0,0,0,1,0,0, ,3,4, , ,5,1,7,4,7,7,5,7,1,1,3,2, , 
191245,191245.v01,1,2017,TOYOTA,,6,1,225, , ,5,25, ,8,2,2,2, ,5, ,0,0,1,1,3, ,0,0,0,1,0,0,0,0,0,0,0,0, ,5,4, , ,1,4,7,5,7,4,5,1,2,3,5,4, , 
191243,191243.v01,1,2018,HONDA,,6,3,250, ,1, , ,50,5,3,4,2, ,3, ,1,0,0,1,12, ,1,0,0,0,0,0,0,0,0,0,0,0, ,5,4, , ,4,4,2,3,2,3,5,1,1,4,4,3, , 
191242,191242.v02,2,2019,TOYOTA,,6,1,350, ,3, ,30, ,5,3,2,2, ,10, ,0,1,0,1,2, ,1,1,0,0,0,0,0,0,0,0,0,0, ,4,4, , ,1,5,5,5,5,5,5,3,3,4,6,4,1, 
191239,191239.v01,1,2017,TOYOTA,,6,1,300, ,2, , ,80,5,2,3,2, ,5, ,1,1,0,1,30, ,0,1,0,0,0,0,1,0,0,0,0,0, ,5,4, , ,5,5,6,5,1,4,5,6,4,5,7,5, , 
191249,191249.v03,3,2017,HONDA,,6,3,65, ,2, ,25, ,5,3,3,1, ,10, ,1,1,0,1,1, ,0,1,0,0,0,0,0,0,0,0,0,0, ,3,4, , ,4,2,4,4,4,4,4,2,2,5,5,3, , 
191255,191255.v01,1,2016,TOYOTA,,6,1, ,915,1, , ,60,6,4,4,2, ,4, ,0,0,1,1,3, ,0,1,0,0,0,0,0,0,0,0,0,0, ,4,4, , ,4,4,5,5,5,3,5,2,4,5,5,2,1, 
191263,191263.v03,3,2018,TOYOTA,,6,1,250, ,5, ,30, ,5,2,3,2, , ,25,0,1,0,2, , , , , , , , , , , , , , , ,5,4, , ,1,4,7,4,7,7,5,7,6,5,4,3, , 
191272,191272.v01,1,2017,HONDA,,6,3, ,600, ,4, ,20,10,3,2,1, ,14, ,0,0,1,1,5, ,1,1,0,0,0,0,0,0,0,0,1,0, ,5,4, , ,5,4,1,5,1,5,5,1,1,5,7,2, , 
191279,191279.v02,2,2017,TOYOTA,,6,1,225, ,2, , ,50,6,3,4,2, ,20, ,0,0,1,1,2, ,1,0,0,0,0,0,0,0,0,0,0,0, ,5,4, , ,4,5,1,5,1,5,5,3,4,1,4,2,1, 
191280,191280.v01,1,2016,TOYOTA,,6,1,300, ,1, , ,10,5,2,2,2, ,4, ,1,1,0,1,1, ,1,1,0,0,0,0,0,0,0,0,0,0, ,3,4, , ,3,1,7,3,7,2,3,2,1,5,4,3, , 
191285,191285.v01,1,2017,TOYOTA,,6,1, ,600,1, , ,80,3,2,2,1, ,3, ,1,0,0,2, , , , , , , , , , , , , , , ,3,3,30, ,3,3,2,2,3,3,3,2,2,3,4,4, , 
191291,191291.v02,2,2017,TOYOTA,,6,1,250, ,2, , ,100,5,3,3,2, ,6, ,0,0,1,1,2, ,1,0,0,0,0,0,0,0,0,0,0,0, ,4,4, , ,1,4,7,4,7,3,5,4,1,4,5,4,2, 
191295,191295.v01,1,2016,TOYOTA,,6,1, ,400, ,1,100, ,5,4,1, , , ,4,1,0,0,1,1, ,1,0,0,0,0,0,0,0,0,0,0,0, ,5,4, , ,2,4,4,4,4,4,4,2,1,4,7,5,1, 
191304,191304.v03,3,2017,HONDA,,6,3,250, ,1, , ,40,6,2,2,2, ,5, ,0,0,1,1,3, ,1,1,0,0,0,0,0,0,0,0,0,0, ,5,4, , ,1,5,7,5,7,5,5,7,7,7,4,3, , 
191298,191298.v02,2,2016,TOYOTA,,6,1,275, ,2, ,30, ,5,3,4,1, ,5, ,1,0,0,1,2, ,1,0,0,0,0,0,0,0,0,0,0,0, ,5,4, , ,5,4,5,5,5,5,5,5,3,5,4,4,2, 
191314,191314.v01,1,2017,TOYOTA,,6,1,400, ,2, , ,75,4,1,3,2, ,5, ,1,0,0,1,3, ,1,0,0,0,0,0,0,0,0,0,0,0, ,5,4, , ,5,5,7,4,7,3,5,1,2,5,4,3, , 
191307,191307.v01,1,2019,TOYOTA,,6,1,250, ,5, ,20, ,30,3,1, , ,25, ,0,0,1,2, , , , , , , , , , , , , , , ,1,4, , ,5,3,5,5,5,4,5,3,3,4,4,4,1, 
191428,191428.v01,1,2017,HONDA,,6,3,300, ,1, , ,60,5,4,3,2, ,10, ,0,0,1,1,2, ,1,0,0,0,0,0,0,0,0,0,0,0, ,4,4, , ,4,4,3,4,4,3,5,3,3,3,4,4,1, 
191397,191397.v01,1,2017,HONDA,,6,3,150, , ,3, ,50,8,2,1, , ,4, ,0,0,1,1, ,4,1,0,0,0,0,0,1,0,0,0,1,0, ,5,4, , ,4,5,5,5,5,5,5,3,5,5,6,4, , 
191330,191330.v02,2,2017,TOYOTA,,6,1, ,300,1, , ,40,5,3,4,2, ,5, ,1,1,0,1,10, ,1,0,0,0,0,0,0,0,0,1,0,0, ,2,4, , ,4,5,4,4,4,5,5,6,6,5,6,4, , 
191342,191342.v01,1,2018,TOYOTA,,6,1, ,540,1, , ,50,10,3,3,1, ,7, ,0,0,1,1,6, ,1,0,0,0,0,0,0,0,0,0,0,0, ,4,4, , ,4,5,5,5,5,4,5,1,1,5,5,5, , 
191351,191351.v03,3,2017,TOYOTA,,6,1,250, ,1, ,50, ,6,3,1, , ,3, ,1,0,0,1,3, ,1,0,0,0,0,0,0,0,0,0,0,0, ,3,4, , ,2,4,1,5,1,4,5,1,4,4,7,5, , 
191346,191346.v03,3,2017,HONDA,,6,3,400, ,1, , ,30,4,2,4,1, ,4, ,1,1,0,2, , , , , , , , , , , , , , , ,4,4, , ,3,1,1,1,1,1,1,1,1,4,6,1,1, 
191350,191350.v01,1,2017,TOYOTA,,6,1,250, , ,5, ,40,5,2,3,1, ,6, ,1,0,0,1,1, ,0,1,0,0,0,0,0,0,0,0,0,0, ,5,4, , ,4,1,6,4,6,4,5,7,3,5,4,4, , 
191353,191353.v01,1,2017,HONDA,,6,3, ,300,1, , ,3,4,4,1, , ,3, ,1,0,0,2, , , , , , , , , , , , , , , ,3,4, , ,1,1,7,5,7,7,5,7,7,4,7,5, , 
191359,191359.v01,1,2016,TOYOTA,,6,1,300, ,7, , ,20,5,2,3,2, ,10, ,0,1,0,1,3, ,1,0,0,0,0,0,0,0,0,0,0,0, ,5,4, , ,5,1,1,4,4,3,4,1,1,5,3,1, , 
191365,191365.v01,1,2017,HONDA,,6,3, ,400, ,2,50,120,6,4,1, , ,2, ,1,0,0,2, , , , , , , , , , , , , , , ,3,4, , ,4,3,6,4,3,3,4,1,4,4,7,4, , 
191356,191356.v01,1,2017,TOYOTA,,6,1,250, ,1, , ,30,4,4,2,1, ,10, ,0,1,0,1,4, ,1,0,0,0,0,0,0,0,0,0,0,0, ,5,4, , ,5,5,7,4,4,5,5,1,1,2,5,2, , 
191373,191373.v03,3,2019,TOYOTA,,6,1,350, ,1, ,250, ,5,3,2,1, ,25, ,0,1,0,1,8, ,1,0,0,0,0,0,0,0,0,0,0,0, ,4,4, , ,4,3,3,3,3,5,3,1,1,4,7,5,1, 
191369,191369.v01,1,2017,TOYOTA,,6,3,400, ,5, ,10, ,60,2,3,1, ,60, ,0,0,1,1,3, ,1,1,0,0,0,0,0,0,0,0,0,0, ,5,2,250, ,5,2,5,5,5,4,5,5,3,5,7,4,2, 
191379,191379.v01,1,2017,HONDA,,6,3,288, ,1, , ,50,5,3,1, , ,6, ,1,0,0,2, , , , , , , , , , , , , , , ,2,4, , ,1,1,5,5,5,4,5,2,2,5,7,5, , 
191400,191400.v01,1,2017,HONDA,,6,3,250, , ,3, ,80,5,4,2,1, ,3, ,1,0,0,2, , , , , , , , , , , , , , , ,4,4, , ,5,1,7,5,7,4,5,7,2,5,5,4, , 
191406,191406.v01,1,2017,TOYOTA,,6,1,100, ,5, , ,1,90,1,4,3, ,1, ,0,0,1,1,1, ,0,0,0,0,0,0,0,0,0,0,1,0, ,5,4, , ,5,5,7,5,7,7,7,7,7,5,4,3, , 
191410,191410.v01,1,2017,TOYOTA,,6,1,250, ,1, , ,50,7,2,1, , ,5, ,0,0,1,1,3, ,0,0,0,0,0,0,1,1,0,0,1,0, ,4,4, , ,3,4,7,4,7,5,5,1,3,5,6,4, , 
191417,191417.v02,2,2017,TOYOTA,,6,1,250, ,1, , ,80,10,3,2,1, , ,10,0,0,1,1,2, ,1,0,0,0,0,0,0,0,0,0,0,0, ,5,4, , ,1,4,4,4,4,3,5,3,3,4,5,4, , 
191418,191418.v01,1,2017,TOYOTA,,6,1, ,850,1, , ,240,8,4,3,1, ,5, ,0,0,1,1,15, ,1,1,0,0,0,0,0,0,0,0,0,0, ,5,4, , ,5,3,7,5,5,4,5,7,6,5,3,2, , 
191422,191422.v02,2,2018,TOYOTA,,6,1, ,999,2, , ,40,5,2,3,2, , ,5,1,0,0,1,2, ,0,1,0,0,0,0,0,0,0,0,0,0, ,5,4, , ,4,4,6,5,6,6,5,4,4,4,4,3, , 
191439,191439.v01,1,2017,TOYOTA,,6,1, ,850,2, , ,25,5,3,2,2, ,5, ,1,0,0,1,1, ,1,0,0,0,0,0,0,0,0,0,0,0, ,5,4, , ,5,5,7,5,5,5,5,2,5,5,3,1, , 
191444,191444.v02,2,2018,HONDA,,6,3,200, , ,4, ,50,14,3,2,1, ,5, ,1,1,0,2, , , , , , , , , , , , , , , ,3,4, , ,5,4,6,5,5,2,5,6,5,5,4,3,1, 
191440,191440.v01,1,2016,TOYOTA,,6,1, ,625,1, ,25, ,5,4,3,2, ,5, ,1,0,0,1,2, ,0,1,0,0,0,0,1,0,0,0,0,0, ,4,4, , ,1,4,7,5,5,4,5,1,4,5,5,3, , 
191441,191441.v03,3,2016,HONDA,,6,2,200, ,2, ,15, ,10,1,1, , ,18, ,0,0,1,1,6, ,1,0,0,0,0,0,0,0,0,0,0,0, ,5,4, , ,1,5,5,5,5,5,5,6,4,5,7,5, , 
191476,191476.v02,2,2017,HONDA,,6,3,375, ,2, ,260, ,5,3,3,3, ,5, ,1,1,0,1,1, ,0,1,0,0,0,0,0,0,0,0,0,0, ,4,4, , ,1,3,6,2,1,3,3,1,2,4,7,5, , 
191458,191458.v02,2,2017,TOYOTA,,6,1,400, ,2, , ,50,7,3,4,2, ,18, ,0,0,1,1,1, ,0,1,0,0,0,0,0,0,0,0,0,0, ,4,4, , ,4,1,2,4,2,2,4,6,2,5,4,3, , 
191461,191461.v02,2,2016,TOYOTA,,6,1, ,500, ,3, ,50,5,4,1, , ,9, ,0,0,1,2, , , , , , , , , , , , , , , ,5,4, , ,3,4,7,5,7,7,5,7,7,5,7,4, , 
191546,191546.v01,1,2017,TOYOTA,,6,1, ,500,1, , ,40,7,3,2,1, , ,8,0,0,1,2, , , , , , , , , , , , , , , ,4,4, , ,5,5,6,4,5,7,5,1,3,3,7,5, , 
191522,191522.v01,1,2018,HONDA,,6,3,230, , ,3,100, ,5,4,3,1, ,18, ,1,0,0,1,1, ,0,1,0,0,0,0,0,0,0,0,0,0, ,5,4, , ,5,2,6,1,6,5,3,6,1,5,7,5, , 
191496,191496.v01,1,2017,HONDA,,6,3,154, ,1, ,20, ,6,4,4,2, ,2, ,1,0,0,2, , , , , , , , , , , , , , , ,1,4, , ,4,4,7,5,7,5,5,7,5,5,7,5, , 
191617,191617.v01,1,2017,TOYOTA,,6,1,200, ,1, , , ,15,3,1, , ,10, ,1,0,0,1,2, ,0,1,0,0,0,0,0,0,0,0,0,0, ,1,2,0, ,1,5,5,5,5,5,5,4,5,5,7,5, , 
191495,191495.v02,2,2017,HONDA,,6,3, ,999,1, , ,75,5,3,3,2, ,10, ,0,0,1,1,6, ,1,0,0,0,0,0,0,0,0,0,0,0, ,5,4, , ,4,4,7,4,7,3,4,7,2,7,4,3,1, 
191492,191492.v01,1,2017,HONDA,,6,3,300, ,1, , ,40,4,3,2,2, ,12, ,0,1,0,1,1, ,0,1,0,0,0,0,0,0,0,0,0,0, ,3,4, , ,3,3,1,1,1,4,3,1,2,4,6,4, , 
191499,191499.v01,1,2017,TOYOTA,,6,1,250, ,1, , ,50,5,2,1, , ,8, ,1,0,0,1,2, ,0,1,0,0,0,0,0,0,0,0,0,0, ,2,4, , ,5,3,7,5,7,5,5,7,5,5,4,3,1, 
191515,191515.v03,3,2017,TOYOTA,,6,1, ,500, ,3, ,50,5,2,2,1, ,15, ,0,0,1,1,5, ,1,0,0,0,0,0,0,0,0,0,0,0, ,5,4, , ,4,3,1,1,1,5,5,3,1,5,7,5, , 
191508,191508.v01,1,2018,TOYOTA,,6,1,250, ,2, ,14, ,5,2,2,1, ,8, ,0,1,0,1,3, ,1,0,0,0,0,0,0,0,0,0,0,0, ,3,4, , ,3,4,7,5,5,5,5,5,3,5,4,4, , 
191507,191507.v01,1,2017,HONDA,,6,3,250, ,1, , ,25,10,3,2,1, ,1, ,1,0,0,1,50, ,1,1,0,1,0,0,0,0,0,0,0,0, ,5,4, , ,5,4,5,5,5,4,5,1,4,5,4,2, , 
191502,191502.v02,2,2017,TOYOTA,,6,1, ,850,2, ,50, ,5,2,1, , ,5, ,1,1,0,1,2, ,1,1,0,0,0,0,0,0,0,0,0,0, ,3,4, , ,5,5,5,5,5,5,5,6,3,5,7,5, , 
191501,191501.v02,2,2017,TOYOTA,,6,1,320, ,1, ,50, ,5,3,3,1, ,3, ,1,0,0,1,1, ,1,0,0,0,0,0,0,0,0,0,0,0, ,4,4, , ,5,2,7,4,7,4,5,2,2,3,5,5,1, 
191511,191511.v03,3,2017,TOYOTA,,6,1,200, ,1, ,60, ,5,2,3,1, , ,15,0,0,1,1, ,2,1,0,0,0,0,0,0,0,0,0,0,0, ,5,4, , ,5,1,1,2,2,3,3,2,1,5,4,2,1, 
191512,191512.v01,1,2017,TOYOTA,,6,1, ,999,1, ,33, ,7,2,2,1, ,17, ,0,0,1,1,1, ,1,0,0,0,0,0,0,0,0,0,0,0, ,4,4, , ,3,3,7,5,7,5,5,4,4,5,5,4, , 
191531,191531.v02,2,2017,TOYOTA,,6,1,70, , ,2, ,15,6,3,1, , ,11, ,0,1,0,1,2, ,1,1,0,0,0,0,0,0,0,0,0,0, ,3,4, , ,4,1,5,5,5,5,5,7,5,5,7,5, , 
191526,191526.v01,1,2017,TOYOTA,,6,1,250, ,1, ,25, ,5,3,3,2, ,5, ,1,0,0,1,3, ,0,1,0,0,0,0,0,0,0,0,0,0, ,5,4, , ,3,1,6,4,4,4,5,7,5,5,5,3, , 
191529,191529.v01,1,2017,HONDA,,6,3,380, ,1, ,150, ,4,3,3,3, ,110, ,1,1,0,1,2, ,0,1,0,0,0,0,0,0,0,0,0,0, ,3,4, , ,5,1,5,5,5,5,5,5,5,5,7,5, , 
191536,191536.v01,1,2017,TOYOTA,,6,1, ,700, ,4, ,60,3,3,2,2, ,3, ,1,0,0,1,1, ,0,1,0,0,0,0,0,0,0,0,1,0, ,3,4, , ,2,4,4,5,6,4,5,7,4,5,7,4, , 
191568,191568.v03,3,2018,TOYOTA,,6,1,100, , ,2,100, ,5,2,1, , ,1, ,1,0,0,2, , , , , , , , , , , , , , , ,5,4, , ,3,3,2,5,4,5,5,4,4,2,7,5, , 
191545,191545.v01,1,2017,HONDA,,6,3,100, , ,2, ,75,5,4,2,1, ,2, ,1,0,0,1,1, ,0,1,0,0,0,0,0,0,0,0,0,0, ,2,4, , ,4,3,5,4,3,5,5,1,2,3,4,3, , 
191554,191554.v01,1,2017,TOYOTA,,6,1,30, , ,2,50, ,5,3,1, , ,25, ,0,0,1,1,20, ,1,0,0,0,0,0,0,0,0,0,0,0, ,5,4, , ,3,4,4,4,4,4,4,1,4,3,4,3, , 
191560,191560.v03,3,2017,TOYOTA,,6,1,250, ,1, , ,50,3,3,4,1, ,5, ,0,1,0,2, , , , , , , , , , , , , , , ,3,4, , ,3,4,4,4,4,4,4,4,4,4,5,5, , 
191567,191567.v04,4,2017,HONDA,,6,3,250, ,2, , ,120,5,3,2,1, , ,35,0,0,1,2, , , , , , , , , , , , , , , ,4,4, , ,4,4,6,5,5,5,5,6,7,3,5,5, , 
191565,191565.v02,2,2017,HONDA,,6,3,300, ,1, , ,50,10,3,2,2, ,30, ,0,1,0,1,2, ,0,1,0,0,0,0,0,0,0,0,0,0, ,5,4, , ,5,5,7,5,7,5,5,7,3,5,5,4, , 
191569,191569.v01,1,2018,TOYOTA,,6,1,400, ,3, ,25, ,5,3,4,1, ,8, ,0,1,0,1,2, ,1,0,0,0,0,0,0,0,0,0,0,0, ,5,4, , ,3,3,6,4,6,4,3,6,7,3,7,5, , 
191572,191572.v01,1,2017,TOYOTA,,6,1, ,900,1, , ,100,5,2,2,2, ,5, ,0,0,1,1,5, ,1,0,0,0,0,0,0,0,0,0,0,0, ,2,4, , ,1,3,1,5,4,4,4,1,2,5,6,3, , 
191589,191589.v02,2,2017,HONDA,,6,3, ,166, ,6, ,70,5,2,3,1, ,25, ,1,1,0,1,2, ,1,1,0,1,0,0,0,0,0,0,0,0, ,5,4, , ,4,4,6,5,6,6,5,6,5,5,5,4, , 
191591,191591.v02,2,2017,TOYOTA,,6,1,200, ,1, , ,80,5,4,3,1, , ,7,1,0,0,2, , , , , , , , , , , , , , , ,4,4, , ,1,4,5,5,6,6,5,6,4,3,4,2, , 
191603,191603.v03,3,2017,TOYOTA,,6,1, ,900,1, , ,55,10,3,4,1, ,35, ,0,0,1,1,10, ,1,0,0,0,0,0,0,0,0,0,0,0, ,5,4, , ,5,1,3,5,5,1,5,1,2,2,5,5, , 
191606,191606.v01,1,2016,TOYOTA,,6,1, ,900,1, ,25, ,5,3,2,1, ,3, ,1,0,0,1,1, ,0,1,0,0,0,0,0,0,0,0,0,0, ,4,4, , ,1,4,5,5,5,5,5,6,3,3,7,5, , 
191613,191613.v01,1,2018,TOYOTA,,6,1,100, ,1, , ,100,5,3,1, , , ,10,0,1,0,2, , , , , , , , , , , , , , , ,3,4, , ,5,4,6,5,7,4,5,4,4,7,7,5, , 
191612,191612.v01,1,2017,TOYOTA,,6,1, ,400, ,3, ,70,5,3,2,1, ,2, ,1,0,0,2, , , , , , , , , , , , , , , ,4,4, , ,1,3,6,5,6,5,5,7,1,5,5,4, , 
191624,191624.v01,1,2019,TOYOTA,,6,1,200, ,1, ,20, ,8,2,1, , ,8, ,0,0,1,1, ,1,1,0,0,0,0,0,0,0,0,0,0,0, ,4,4, , ,1,5,6,5,6,5,5,4,4,5,7,5, , 
191627,191627.v01,1,2017,HONDA,,6,3,300, ,1, , ,100,5,3,4,3, ,5, ,1,0,0,1,2, ,1,1,0,0,0,0,0,0,0,0,0,0, ,4,4, , ,4,2,1,5,1,4,5,1,4,5,5,4, , 
191632,191632.v01,1,2017,HONDA,,6,3,170, ,2, , ,20,5,2,2,1, , ,5,1,0,0,1,2, ,1,0,0,0,0,0,0,0,0,0,0,0, ,4,4, , ,5,2,5,5,5,5,5,1,1,5,3,2, , 
191643,191643.v02,2,2018,TOYOTA,,6,1,100, ,100, , ,60,5,3,3,1, ,2, ,1,0,0,1,12, ,1,0,0,0,0,0,0,0,0,0,0,0, ,5,4, , ,1,3,5,5,5,5,5,7,3,5,4,4, , 
191651,191651.v01,1,2017,HONDA,,6,3,500, ,3, , ,150,7,3,3,3, , ,15,1,0,0,1,5, ,0,1,0,0,0,0,0,0,0,0,0,0, ,5,4, , ,5,3,5,5,5,5,5,3,5,5,4,2, , 
191657,191657.v01,1,2017,TOYOTA,,6,1,70, , ,1,240, ,5,3,1, , ,12, ,0,0,1,2, , , , , , , , , , , , , , , ,3,4, , ,4,1,2,2,2,1,2,1,2,2,7,5, , 
191654,191654.v01,1,2016,TOYOTA,,6,1,220, ,1, ,15, ,8,2,2,1, ,3, ,1,1,0,1,10, ,1,0,0,0,0,0,0,0,0,0,0,0, ,5,4, , ,5,1,7,7,7,5,4,1,1,2,7,4,1, 
191662,191662.v01,1,2017,TOYOTA,,6,1, ,900, ,4, ,100,5,3,2,1, ,3, ,1,0,0,1,3, ,0,1,0,1,0,0,0,0,0,0,0,0, ,1,4, , ,4,3,6,5,7,1,5,7,7,5,6,5, , 
191674,191674.v01,1,2018,TOYOTA,,6,1,175, , ,3, ,25,10,3,1, , ,2, ,1,0,0,1, ,3,0,1,0,0,0,0,0,0,0,0,0,0, ,3,2, ,200,5,4,5,5,5,5,5,3,5,3,7,5,1, 
191676,191676.v01,1,2017,TOYOTA,,6,1,250, ,2, , ,80,6,2,2,1, ,3, ,1,1,0,1,1, ,0,1,0,0,0,0,0,0,0,0,0,0, ,5,4, , ,4,1,4,4,4,4,5,1,4,5,3,2, , 
191675,191675.v01,1,2017,TOYOTA,,6,1,500, ,2, , ,50,5,4,4,3, , ,5,1,0,0,1,3, ,1,0,0,0,0,0,0,0,0,0,1,0, ,2,4, , ,1,4,4,4,4,2,5,7,3,4,5,4,1, 
191691,191691.v02,2,2017,TOYOTA,,6,1,100, , ,4, ,100,4,4,1, , ,15, ,0,1,0,2, , , , , , , , , , , , , , , ,3,4, , ,5,4,4,5,6,4,5,6,2,4,7,5, , 
191692,191692.v01,1,2017,HONDA,,6,3,350, ,2, ,30, ,8,1,2,1, ,30, ,0,1,0,1,4, ,0,1,0,0,0,0,0,0,0,0,0,0, ,5,4, , ,3,5,5,5,5,5,5,1,5,5,3,2, , 
191693,191693.v02,2,2017,HONDA,,6,3,250, ,1, , ,20,5,4,3,1, ,3, ,1,1,0,1,5, ,1,0,0,0,0,0,0,0,0,0,0,0, ,3,4, , ,5,2,7,3,7,4,5,1,1,1,6,4, , 
191699,191699.v03,3,2017,TOYOTA,,6,1,275, , ,5, ,50,4,3,4,3, ,3, ,1,0,0,1,7, ,1,1,0,0,0,0,0,1,0,0,1,0, ,4,4, , ,3,2,6,3,6,4,4,7,2,4,7,5,1, 
191722,191722.v05,5,2017,TOYOTA,,6,1,100, ,1, ,50, ,5,2,1, , ,4, ,0,1,0,1,2, ,1,0,0,0,0,0,0,0,0,0,0,0, ,3,4, , ,5,5,7,5,7,5,5,1,1,1,7,5, , 
191730,191730.v02,2,2017,HONDA,,6,3,300, ,1, , ,40,5,2,4,2, ,13, ,0,1,0,1,5, ,1,0,0,0,0,0,0,0,0,0,0,0, ,4,4, , ,4,3,6,5,7,4,5,7,2,5,5,3,2, 
191889,191889.v02,2,2017,HONDA,,6,3,300, ,1, , ,30,6,3,3,1, ,3, ,1,1,0,1,3, ,0,1,0,0,0,0,0,0,0,0,0,0, ,3,4, , ,4,1,5,5,7,1,5,1,5,5,7,5, , 
192280,192280.v01,1,2017,HONDA,,6,3,200, ,7, ,25, ,10,3,3,2, ,8, ,0,0,1,2, , , , , , , , , , , , , , , ,4,4, , ,3,3,5,5,5,5,5,4,3,3,6,4,2, 
192357,192357.v01,1,2018,TOYOTA,,6,1,200, ,1, ,25, ,8,3,1, , ,250, ,1,0,0,1,1, ,0,0,0,1,0,0,1,0,0,1,1,0, ,2,4, , ,3,5,5,5,5,5,5,5,5,5,4,3, , 
193937,193937.v01,1,2017,TOYOTA,,6,1,750, ,4, ,50, ,3,2,4,2, ,35, ,0,0,1,1,50, ,1,1,0,0,0,0,0,0,0,0,1,0, ,4,2,150, ,4,3,5,5,5,5,5,2,5,5,7,5, , 
193948,193948.v02,2,2018,TOYOTA,,6,1, ,670,1, ,25, ,5,4,2,1, ,8, ,0,1,0,1, ,1,1,0,0,0,0,0,0,0,0,0,0,0, ,4,4, , ,1,5,5,5,5,5,5,6,5,5,7,5, , 
